image_id,age
200001,58.385258
200002,58.766846
200003,58.905365
200004,62.237656
200005,56.907906
200006,57.49625
200007,60.354145
200008,59.977165
200009,63.68495
200010,60.431686
200011,65.93978
200012,61.443665
200013,58.966965
200014,67.16913
200015,56.12605
200016,58.250824
200017,66.32597
200018,60.564636
200019,63.35166
200020,66.80664
200021,69.469345
200022,57.95584
200023,60.01525
200024,62.824345
200025,69.25433
200026,67.37545
200027,52.357594
200028,59.400543
200029,75.26529
200030,59.66582
200031,58.554928
200032,62.90721
200033,56.040123
200034,67.98866
200035,63.550743
200036,57.582806
200037,63.576202
200038,60.14456
200039,60.47734
200040,61.046623
200041,59.69323
200042,61.63768
200043,60.65388
200044,60.985085
200045,58.638813
200046,58.190598
200047,62.489056
200048,58.994797
200049,68.92262
200050,57.991203
200051,66.319275
200052,58.947453
200053,62.125328
200054,55.77394
200055,58.92993
200056,61.66313
200057,57.3196
200058,59.185867
200059,59.047405
200060,61.91252
200061,63.49643
200062,65.74235
200063,58.037888
200064,62.138752
200065,60.877197
200066,61.984497
200067,61.855648
200068,66.26176
200069,65.79211
200070,70.93817
200071,59.614056
200072,62.289932
200073,56.374336
200074,59.00897
200075,62.49227
200076,66.49057
200077,56.255257
200078,63.67138
200079,59.09162
200080,63.00543
200081,67.47316
200082,60.7661
200083,68.20577
200084,60.893578
200085,58.689686
200086,59.816444
200087,68.83426
200088,60.153034
200089,62.690643
200090,73.072754
200091,60.830147
200092,63.62465
200093,59.185837
200094,57.81464
200095,57.8003
200096,62.542847
200097,59.05681
200098,58.060593
200099,67.57268
200100,56.224434
200101,62.20751
200102,57.34767
200103,68.5984
200104,63.7885
200105,60.849648
200106,55.859016
200107,59.988644
200108,57.991646
200109,61.185436
200110,70.097374
200111,60.01512
200112,71.35483
200113,58.12875
200114,56.98783
200115,65.19537
200116,59.479065
200117,58.042305
200118,64.02139
200119,69.535645
200120,59.04828
200121,59.890182
200122,74.09923
200123,60.480125
200124,64.71805
200125,78.02431
200126,59.0417
200127,72.56441
200128,61.88131
200129,65.99442
200130,66.50653
200131,65.25692
200132,58.21943
200133,56.696907
200134,56.136803
200135,63.22371
200136,62.950027
200137,67.03715
200138,67.04695
200139,71.824715
200140,57.054886
200141,69.29123
200142,64.20397
200143,57.911713
200144,69.41853
200145,68.063934
200146,59.72092
200147,57.75618
200148,71.393974
200149,69.23668
200150,64.416954
200151,66.02978
200152,64.0579
200153,58.656242
200154,66.668625
200155,59.21905
200156,64.53565
200157,56.965466
200158,59.911125
200159,63.409218
200160,55.734837
200161,56.225403
200162,62.163254
200163,61.41599
200164,68.93252
200165,62.099716
200166,60.646008
200167,74.50082
200168,58.678307
200169,57.469006
200170,66.90109
200171,59.03419
200172,59.43822
200173,60.63921
200174,60.711624
200175,67.51891
200176,61.97426
200177,55.95655
200178,64.80139
200179,56.97747
200180,72.30357
200181,66.683365
200182,64.43861
200183,58.70472
200184,64.978485
200185,58.023308
200186,75.92562
200187,62.930687
200188,67.28113
200189,58.348686
200190,57.825256
200191,60.789215
200192,63.498154
200193,59.43181
200194,57.58925
200195,68.006096
200196,65.351654
200197,61.24428
200198,56.699425
200199,56.550568
200200,65.18482
200201,61.62388
200202,54.52108
200203,64.712906
200204,54.163307
200205,61.55313
200206,57.472572
200207,63.072132
200208,57.58332
200209,58.96931
200210,60.215164
200211,60.48861
200212,58.271576
200213,59.33663
200214,60.123158
200215,69.877365
200216,62.0669
200217,68.76747
200218,65.611
200219,59.77621
200220,57.452652
200221,69.73481
200222,57.975056
200223,63.010178
200224,61.22886
200225,56.518444
200226,64.37208
200227,67.52528
200228,79.501724
200229,61.508614
200230,58.228325
200231,61.745937
200232,57.868786
200233,65.154724
200234,67.93053
200235,57.1155
200236,68.51207
200237,67.73129
200238,63.806633
200239,70.61866
200240,59.967476
200241,61.557274
200242,62.530926
200243,59.41815
200244,60.270203
200245,57.923046
200246,58.370094
200247,61.141552
200248,57.972866
200249,67.34724
200250,56.58056
200251,58.192924
200252,62.351707
200253,70.181435
200254,67.002075
200255,65.74927
200256,76.45969
200257,75.1759
200258,56.961243
200259,66.63214
200260,58.570236
200261,58.630054
200262,63.556282
200263,67.041016
200264,64.69392
200265,56.734505
200266,65.48738
200267,58.29113
200268,57.226357
200269,60.226494
200270,58.28116
200271,61.765423
200272,62.052696
200273,60.485676
200274,64.30746
200275,56.51038
200276,67.20897
200277,56.719833
200278,64.04223
200279,64.64666
200280,56.958412
200281,67.12643
200282,57.659897
200283,70.35427
200284,68.80435
200285,57.57561
200286,60.877586
200287,68.11739
200288,57.185287
200289,74.47536
200290,57.072685
200291,61.146713
200292,56.656876
200293,58.177887
200294,56.798992
200295,57.587883
200296,57.790268
200297,66.09357
200298,60.499264
200299,59.375385
200300,54.018433
200301,58.358017
200302,58.756866
200303,57.59315
200304,55.311226
200305,67.54831
200306,58.275993
200307,59.688263
200308,56.015945
200309,68.30654
200310,62.14506
200311,60.53434
200312,56.24406
200313,60.506207
200314,57.286316
200315,64.010994
200316,69.064354
200317,61.17954
200318,67.13001
200319,59.31724
200320,55.336746
200321,62.426357
200322,64.98988
200323,59.70926
200324,57.447388
200325,62.72233
200326,70.9105
200327,64.02377
200328,57.824287
200329,61.730965
200330,58.3537
200331,66.96884
200332,62.1869
200333,60.871166
200334,60.824207
200335,65.60116
200336,61.53264
200337,57.299576
200338,60.43067
200339,69.52304
200340,67.91323
200341,58.19683
200342,63.795204
200343,60.272636
200344,68.945755
200345,63.31831
200346,58.20819
200347,58.658974
200348,62.462627
200349,59.50898
200350,63.992393
200351,63.894283
200352,64.18442
200353,57.237328
200354,58.772343
200355,58.486794
200356,59.223232
200357,64.796005
200358,62.109344
200359,57.20858
200360,68.61775
200361,61.822014
200362,62.26009
200363,59.740734
200364,64.58369
200365,60.44411
200366,62.637238
200367,56.663326
200368,65.51325
200369,56.107033
200370,61.30789
200371,67.04993
200372,56.73239
200373,59.83648
200374,70.38011
200375,63.47314
200376,56.376457
200377,64.885666
200378,69.36263
200379,62.8338
200380,56.30559
200381,60.980602
200382,61.606556
200383,59.992023
200384,67.141624
200385,62.38221
200386,55.916748
200387,66.641815
200388,58.33064
200389,69.52616
200390,57.26779
200391,60.19901
200392,60.93606
200393,58.018593
200394,61.89911
200395,70.20371
200396,64.09312
200397,56.865128
200398,73.757195
200399,66.33551
200400,61.281128
200401,66.92528
200402,58.30853
200403,61.991695
200404,62.676384
200405,61.631645
200406,61.405186
200407,56.528908
200408,65.77684
200409,60.000843
200410,60.21157
200411,61.70546
200412,58.303856
200413,62.73462
200414,66.22329
200415,68.184906
200416,58.16594
200417,61.67093
200418,55.412117
200419,58.216324
200420,60.02378
200421,61.514774
200422,58.031303
200423,59.544758
200424,60.54715
200425,62.690395
200426,63.62449
200427,67.45725
200428,56.13329
200429,65.42579
200430,56.911324
200431,58.005123
200432,57.486942
200433,58.908997
200434,62.25037
200435,57.80518
200436,55.704597
200437,59.182167
200438,58.689537
200439,64.58036
200440,59.97069
200441,56.435005
200442,71.86836
200443,65.70977
200444,63.218758
200445,63.545757
200446,66.70186
200447,57.608925
200448,64.63745
200449,68.82794
200450,63.274437
200451,77.51862
200452,63.070705
200453,60.19678
200454,59.5111
200455,58.99322
200456,56.02304
200457,54.85083
200458,60.274914
200459,61.64963
200460,60.481834
200461,63.454773
200462,58.721016
200463,56.066864
200464,62.365936
200465,60.216938
200466,62.82804
200467,58.643497
200468,65.13063
200469,60.759987
200470,57.799515
200471,57.788345
200472,58.603436
200473,56.674694
200474,59.563576
200475,62.673515
200476,68.643875
200477,62.847996
200478,68.12368
200479,58.82298
200480,61.32788
200481,56.475746
200482,74.62206
200483,61.9974
200484,58.961098
200485,70.41057
200486,55.340015
200487,59.287968
200488,61.06419
200489,56.16027
200490,65.34847
200491,63.518246
200492,61.378174
200493,63.178844
200494,59.741127
200495,60.040943
200496,66.257324
200497,59.23362
200498,59.968178
200499,64.56081
200500,60.536797
200501,59.80357
200502,61.669937
200503,62.14792
200504,67.492386
200505,63.336445
200506,68.2083
200507,58.54216
200508,62.95966
200509,63.42237
200510,61.814583
200511,61.842846
200512,59.509388
200513,59.513866
200514,71.048164
200515,62.64091
200516,59.32785
200517,58.07578
200518,67.75377
200519,63.271523
200520,64.65254
200521,54.793858
200522,56.91861
200523,58.142536
200524,57.49598
200525,74.74271
200526,58.400246
200527,65.39294
200528,72.08782
200529,61.774147
200530,60.656185
200531,57.413612
200532,58.70311
200533,61.878853
200534,59.65606
200535,59.83576
200536,54.505863
200537,55.659317
200538,61.706337
200539,55.937317
200540,59.305595
200541,55.993805
200542,64.73012
200543,65.77246
200544,59.75418
200545,62.568794
200546,57.81759
200547,65.25177
200548,56.098366
200549,69.40602
200550,56.953053
200551,59.50165
200552,61.788574
200553,61.74663
200554,57.37339
200555,60.70307
200556,68.912636
200557,60.751324
200558,58.123474
200559,58.95064
200560,60.082355
200561,60.634964
200562,59.34676
200563,57.66514
200564,59.740177
200565,61.552223
200566,66.90775
200567,57.98453
200568,58.116035
200569,64.91849
200570,64.385
200571,63.932274
200572,56.60675
200573,62.860107
200574,55.12746
200575,57.517258
200576,72.74016
200577,57.871784
200578,64.98821
200579,66.05849
200580,59.24546
200581,64.55237
200582,59.07516
200583,60.61338
200584,61.56817
200585,72.41137
200586,64.55699
200587,66.286255
200588,64.34261
200589,57.285034
200590,62.193
200591,59.075188
200592,58.30878
200593,57.29692
200594,74.56502
200595,65.513115
200596,58.420494
200597,59.28468
200598,75.05134
200599,64.53471
200600,57.822163
200601,63.74739
200602,68.05525
200603,66.43388
200604,56.770653
200605,64.59308
200606,61.084373
200607,62.20707
200608,56.31031
200609,58.686405
200610,62.85482
200611,61.01142
200612,56.91433
200613,55.50657
200614,57.15039
200615,55.929073
200616,65.06825
200617,62.33331
200618,62.769875
200619,57.662895
200620,66.21536
200621,57.973488
200622,70.34211
200623,55.50856
200624,58.885273
200625,56.2892
200626,60.247765
200627,57.78924
200628,65.597626
200629,58.988167
200630,61.76371
200631,58.79023
200632,67.93828
200633,60.537575
200634,56.598663
200635,57.31762
200636,55.955853
200637,60.041527
200638,65.60374
200639,75.11789
200640,59.78997
200641,70.3004
200642,61.526936
200643,58.43417
200644,58.099907
200645,63.18346
200646,53.412796
200647,61.08985
200648,63.74936
200649,57.14345
200650,67.31467
200651,64.355774
200652,63.472744
200653,57.151634
200654,56.972855
200655,63.583984
200656,61.266953
200657,61.758377
200658,67.82623
200659,67.2261
200660,67.37023
200661,60.72103
200662,56.565918
200663,56.894653
200664,70.16156
200665,65.92016
200666,61.102283
200667,68.12413
200668,56.603683
200669,58.767544
200670,61.0983
200671,61.35377
200672,69.34711
200673,57.461067
200674,57.101906
200675,70.023834
200676,63.102142
200677,58.747055
200678,54.180256
200679,70.27641
200680,60.543385
200681,70.23642
200682,56.438313
200683,60.77702
200684,58.27764
200685,56.717766
200686,63.026695
200687,65.77182
200688,66.197044
200689,71.40823
200690,58.66816
200691,63.27387
200692,67.69832
200693,74.46415
200694,61.95219
200695,66.12146
200696,57.11751
200697,58.988174
200698,60.102776
200699,64.64083
200700,61.23361
200701,65.5539
200702,63.64011
200703,55.124153
200704,62.196903
200705,62.08652
200706,62.78125
200707,58.4383
200708,56.937782
200709,66.25745
200710,61.11306
200711,60.24379
200712,55.187305
200713,57.321465
200714,60.11091
200715,59.60131
200716,64.406845
200717,62.143677
200718,61.022102
200719,58.254906
200720,67.047844
200721,66.54984
200722,59.40424
200723,62.46036
200724,60.11074
200725,57.377068
200726,65.07332
200727,61.12304
200728,68.75703
200729,67.78329
200730,70.24109
200731,57.131393
200732,61.051792
200733,61.560257
200734,61.267662
200735,62.14118
200736,66.11287
200737,56.96034
200738,65.303955
200739,56.35495
200740,60.843708
200741,71.80812
200742,64.63211
200743,61.443905
200744,77.82915
200745,58.103912
200746,57.18999
200747,58.684532
200748,60.113804
200749,79.49907
200750,67.068565
200751,65.22742
200752,63.317776
200753,58.95369
200754,65.91958
200755,66.08905
200756,58.28988
200757,58.950134
200758,69.18683
200759,70.10088
200760,60.797592
200761,57.482735
200762,73.88777
200763,54.464966
200764,64.06127
200765,61.612732
200766,60.79167
200767,59.93178
200768,66.26564
200769,62.455086
200770,63.936577
200771,62.95458
200772,66.189896
200773,65.22865
200774,57.80076
200775,60.628284
200776,64.87241
200777,66.319275
200778,57.735687
200779,56.29364
200780,68.42727
200781,68.56218
200782,66.008316
200783,61.091095
200784,53.984264
200785,58.469482
200786,61.880417
200787,58.335236
200788,69.8521
200789,62.389107
200790,60.70107
200791,56.745907
200792,68.18256
200793,57.17286
200794,61.24477
200795,55.703278
200796,56.77458
200797,60.13347
200798,68.7742
200799,66.12284
200800,59.868744
200801,69.74061
200802,64.598236
200803,59.53365
200804,60.81224
200805,59.78099
200806,60.170345
200807,65.386475
200808,69.43041
200809,59.98546
200810,63.955906
200811,63.7116
200812,60.638138
200813,57.84691
200814,59.75537
200815,73.85449
200816,58.718075
200817,63.708916
200818,69.13698
200819,61.01619
200820,59.30803
200821,58.715736
200822,59.386627
200823,59.523117
200824,66.481575
200825,64.46269
200826,62.534637
200827,59.01275
200828,57.040497
200829,63.357765
200830,58.455215
200831,72.14215
200832,59.887825
200833,60.794876
200834,60.623127
200835,57.09297
200836,60.371185
200837,66.64951
200838,60.333645
200839,67.70421
200840,55.59951
200841,63.811462
200842,67.654205
200843,61.197395
200844,56.455704
200845,61.760506
200846,61.16063
200847,66.54132
200848,64.45964
200849,64.04553
200850,65.784836
200851,63.387657
200852,56.749878
200853,62.63556
200854,59.084206
200855,70.721176
200856,74.14021
200857,53.47629
200858,61.02945
200859,61.14229
200860,58.785217
200861,64.69422
200862,60.29702
200863,55.63689
200864,68.45707
200865,60.91866
200866,63.56965
200867,59.01747
200868,63.867805
200869,62.577045
200870,61.165215
200871,62.38938
200872,59.493378
200873,61.682053
200874,64.862946
200875,57.245255
200876,56.216675
200877,59.874805
200878,67.29758
200879,69.927086
200880,59.338467
200881,57.56504
200882,58.78374
200883,58.83559
200884,57.285507
200885,68.446106
200886,61.929474
200887,68.22762
200888,63.03304
200889,57.956635
200890,66.01563
200891,58.786915
200892,60.148205
200893,53.834488
200894,76.111176
200895,69.68542
200896,58.457306
200897,60.79607
200898,62.520016
200899,65.83943
200900,58.44284
200901,56.319946
200902,60.590714
200903,60.472523
200904,67.725525
200905,61.764317
200906,59.222187
200907,60.19342
200908,63.69734
200909,56.92488
200910,73.5275
200911,62.216705
200912,66.60983
200913,60.75554
200914,64.19915
200915,59.038578
200916,61.406002
200917,61.523647
200918,63.016216
200919,64.47037
200920,57.20086
200921,58.418762
200922,63.33339
200923,56.77455
200924,58.770393
200925,62.6892
200926,68.01349
200927,61.77125
200928,58.23169
200929,58.126865
200930,60.46033
200931,65.86876
200932,64.34309
200933,62.912277
200934,61.936142
200935,66.476776
200936,72.61481
200937,59.837463
200938,62.07392
200939,56.41823
200940,59.11993
200941,78.19174
200942,60.065563
200943,67.07665
200944,60.45478
200945,65.848564
200946,59.262383
200947,61.34008
200948,64.05621
200949,56.325348
200950,65.65563
200951,64.02689
200952,63.779915
200953,69.153305
200954,60.845238
200955,55.019073
200956,62.23856
200957,61.278244
200958,58.454247
200959,64.29358
200960,61.312077
200961,58.847893
200962,63.04872
200963,73.145355
200964,78.66112
200965,57.469467
200966,65.06198
200967,60.211594
200968,77.13422
200969,55.93382
200970,61.74157
200971,74.91463
200972,58.147194
200973,59.932087
200974,64.02382
200975,57.72177
200976,58.72505
200977,58.30948
200978,65.79437
200979,57.874054
200980,59.075184
200981,58.17072
200982,61.109974
200983,61.86463
200984,61.39923
200985,59.3752
200986,58.73216
200987,62.459167
200988,65.62163
200989,62.619446
200990,62.33236
200991,54.05841
200992,58.807457
200993,59.97056
200994,58.472385
200995,63.62825
200996,68.190674
200997,68.33621
200998,59.807964
200999,58.809128
201000,59.808273
201001,56.67405
201002,58.804787
201003,61.129
201004,57.210335
201005,61.70152
201006,65.79976
201007,55.925873
201008,67.48544
201009,55.520287
201010,61.607048
201011,61.17086
201012,56.284145
201013,58.842323
201014,61.24229
201015,57.53941
201016,64.48316
201017,62.817818
201018,58.504925
201019,61.581
201020,59.366997
201021,69.54942
201022,68.7604
201023,60.090107
201024,68.16756
201025,58.7622
201026,59.62764
201027,61.62988
201028,61.307014
201029,59.768837
201030,58.390244
201031,64.024025
201032,60.065445
201033,56.634804
201034,67.67622
201035,57.1576
201036,55.37834
201037,58.9299
201038,60.411087
201039,66.01129
201040,56.712486
201041,73.485794
201042,58.191963
201043,57.42652
201044,59.34152
201045,62.003178
201046,65.34099
201047,68.14138
201048,66.41709
201049,67.34508
201050,59.107445
201051,62.456497
201052,62.749504
201053,59.19457
201054,53.329987
201055,58.844505
201056,59.801865
201057,58.073612
201058,62.145695
201059,59.55314
201060,58.990543
201061,61.753727
201062,62.07692
201063,61.33638
201064,56.75457
201065,58.625965
201066,60.396027
201067,56.829712
201068,60.0673
201069,57.22638
201070,61.916504
201071,63.679737
201072,60.261536
201073,77.03141
201074,61.43696
201075,58.68415
201076,56.67435
201077,61.877396
201078,59.734325
201079,61.707745
201080,54.257404
201081,58.85271
201082,61.21241
201083,75.66556
201084,57.75679
201085,61.883392
201086,59.794495
201087,71.267235
201088,72.1864
201089,68.40653
201090,57.681007
201091,57.094513
201092,69.690315
201093,61.12216
201094,62.82212
201095,63.16895
201096,57.53772
201097,60.4584
201098,56.205482
201099,63.035423
201100,60.723213
201101,66.95214
201102,72.03016
201103,58.060455
201104,56.75798
201105,69.70349
201106,65.22171
201107,62.924446
201108,65.72821
201109,61.415874
201110,58.415237
201111,71.23982
201112,60.801937
201113,58.150856
201114,61.34603
201115,59.62011
201116,60.190094
201117,60.38399
201118,65.440475
201119,53.913612
201120,74.296616
201121,60.190918
201122,60.25306
201123,63.690784
201124,68.17847
201125,68.12349
201126,66.00496
201127,56.542
201128,61.95656
201129,62.265854
201130,59.690193
201131,59.18596
201132,58.9961
201133,68.7025
201134,57.952576
201135,60.882755
201136,77.90877
201137,61.736343
201138,64.39733
201139,70.945816
201140,58.7105
201141,56.747345
201142,60.268303
201143,62.016605
201144,60.315483
201145,65.42201
201146,63.50946
201147,63.217487
201148,62.606365
201149,60.905437
201150,59.381382
201151,76.1584
201152,61.186234
201153,63.107113
201154,63.32921
201155,67.35237
201156,59.02314
201157,53.369583
201158,56.945286
201159,58.014828
201160,63.499054
201161,63.65732
201162,60.2659
201163,58.797245
201164,71.12535
201165,69.729996
201166,66.21571
201167,60.346886
201168,65.23527
201169,62.47606
201170,61.517902
201171,61.5117
201172,57.909763
201173,56.53877
201174,60.942497
201175,57.375153
201176,56.56282
201177,59.085262
201178,64.04241
201179,60.640446
201180,61.26557
201181,63.673668
201182,54.569107
201183,57.106598
201184,64.51715
201185,59.864258
201186,56.096756
201187,60.606934
201188,68.99899
201189,58.47902
201190,58.923264
201191,81.14418
201192,62.73989
201193,61.529533
201194,54.620644
201195,59.17696
201196,60.864662
201197,61.078804
201198,58.70019
201199,66.45901
201200,65.87724
201201,60.58374
201202,59.03028
201203,58.93751
201204,56.819706
201205,58.607254
201206,56.196644
201207,73.04892
201208,62.65727
201209,70.076324
201210,56.505257
201211,65.21001
201212,58.263573
201213,67.01291
201214,64.17907
201215,59.292233
201216,62.890602
201217,67.108765
201218,58.00457
201219,67.72905
201220,63.514816
201221,71.37948
201222,56.495594
201223,66.72911
201224,57.58101
201225,60.85477
201226,62.164707
201227,57.45026
201228,70.00108
201229,59.819633
201230,58.721817
201231,62.09689
201232,60.3617
201233,60.37743
201234,57.291718
201235,59.059383
201236,57.828384
201237,66.47429
201238,60.139835
201239,60.36034
201240,67.4074
201241,61.767265
201242,57.691902
201243,56.716373
201244,61.888733
201245,68.39303
201246,63.17681
201247,61.34975
201248,64.77531
201249,69.87414
201250,64.00766
201251,72.92695
201252,56.67708
201253,66.06815
201254,63.390472
201255,59.73023
201256,74.69038
201257,67.57008
201258,61.7593
201259,57.280823
201260,62.239243
201261,57.185555
201262,59.26851
201263,64.084984
201264,57.44868
201265,72.26169
201266,58.188774
201267,59.073097
201268,56.120945
201269,69.99373
201270,56.61237
201271,64.31833
201272,66.20276
201273,63.006977
201274,66.675
201275,57.382217
201276,64.15968
201277,67.273964
201278,63.44409
201279,61.96734
201280,59.95246
201281,59.011326
201282,60.337257
201283,64.5007
201284,57.687874
201285,63.474457
201286,61.58822
201287,59.40233
201288,57.373928
201289,67.73344
201290,63.407917
201291,57.558556
201292,62.455925
201293,68.06324
201294,67.1261
201295,63.074898
201296,59.145493
201297,63.381866
201298,65.212494
201299,63.52274
201300,71.959656
201301,61.67126
201302,61.517807
201303,62.63049
201304,68.55824
201305,67.59961
201306,64.9863
201307,68.38764
201308,65.939514
201309,65.48157
201310,60.707043
201311,68.14325
201312,64.3484
201313,56.919014
201314,63.705208
201315,58.346786
201316,57.990852
201317,64.040276
201318,58.153927
201319,67.24475
201320,56.495552
201321,58.44435
201322,61.264763
201323,53.556774
201324,66.689514
201325,61.497364
201326,61.59453
201327,65.11372
201328,60.23446
201329,61.56856
201330,56.65464
201331,64.02837
201332,66.19334
201333,71.209335
201334,61.640972
201335,64.92722
201336,57.5394
201337,56.729324
201338,68.908646
201339,57.096428
201340,65.673935
201341,61.32585
201342,57.67169
201343,68.240654
201344,62.205055
201345,70.041534
201346,62.673626
201347,57.737335
201348,57.079674
201349,57.89403
201350,62.82522
201351,60.25258
201352,59.080204
201353,61.163208
201354,59.517357
201355,63.01904
201356,69.60783
201357,62.44397
201358,63.43358
201359,57.56569
201360,59.473034
201361,57.197025
201362,63.403286
201363,69.144745
201364,63.690285
201365,62.054146
201366,59.505424
201367,69.58407
201368,55.371826
201369,60.737007
201370,76.33255
201371,63.907043
201372,56.322624
201373,68.24969
201374,72.036026
201375,61.748093
201376,73.59911
201377,63.543083
201378,66.5664
201379,58.840923
201380,57.557537
201381,63.85672
201382,56.454002
201383,61.74582
201384,61.486282
201385,52.56711
201386,68.86543
201387,59.153164
201388,67.08036
201389,56.614777
201390,58.605522
201391,55.847954
201392,57.250134
201393,58.132545
201394,59.444866
201395,60.245323
201396,61.698128
201397,63.622818
201398,59.355095
201399,63.405357
201400,63.627285
201401,65.9344
201402,58.14829
201403,65.089874
201404,60.70803
201405,63.323257
201406,56.991623
201407,63.3046
201408,63.44786
201409,61.276085
201410,59.270325
201411,65.60503
201412,54.856857
201413,57.961582
201414,59.56877
201415,57.90149
201416,61.374752
201417,58.009964
201418,61.453056
201419,55.6233
201420,61.52446
201421,60.20589
201422,63.03856
201423,74.64346
201424,62.233288
201425,64.46054
201426,66.17943
201427,61.704395
201428,58.798466
201429,59.6104
201430,57.400826
201431,59.131386
201432,62.24266
201433,69.49129
201434,59.484344
201435,65.94273
201436,55.340553
201437,63.93797
201438,61.302666
201439,58.478664
201440,56.379128
201441,63.402733
201442,61.274147
201443,56.789974
201444,61.46962
201445,63.045815
201446,60.150986
201447,59.223667
201448,60.972664
201449,59.007977
201450,60.65027
201451,64.283875
201452,56.786743
201453,59.31065
201454,66.56297
201455,60.239346
201456,60.999054
201457,66.40361
201458,58.4249
201459,59.135284
201460,75.11253
201461,68.191925
201462,59.09911
201463,57.15754
201464,64.37747
201465,61.78091
201466,66.61693
201467,56.796745
201468,62.445946
201469,63.139828
201470,61.444065
201471,66.93768
201472,56.586643
201473,58.332397
201474,61.099586
201475,59.793026
201476,70.36197
201477,59.363464
201478,60.141663
201479,62.474415
201480,72.25131
201481,59.287796
201482,72.138245
201483,66.69699
201484,59.6929
201485,67.230034
201486,62.919533
201487,58.35807
201488,58.337624
201489,61.038666
201490,64.0081
201491,61.104424
201492,67.206505
201493,58.341408
201494,59.421364
201495,58.781097
201496,60.00418
201497,58.4832
201498,55.99247
201499,60.467266
201500,55.407204
201501,64.236595
201502,57.453915
201503,56.70253
201504,57.800163
201505,65.13963
201506,71.8672
201507,60.54197
201508,60.157974
201509,56.616325
201510,57.98562
201511,58.638977
201512,61.568233
201513,63.846195
201514,69.64746
201515,60.616302
201516,56.02765
201517,74.00128
201518,68.14447
201519,59.808933
201520,69.37268
201521,57.520958
201522,60.121468
201523,65.90221
201524,62.392838
201525,58.59079
201526,64.68324
201527,60.406395
201528,58.54542
201529,56.98345
201530,58.710495
201531,57.481567
201532,58.554913
201533,63.603073
201534,65.17854
201535,63.390083
201536,60.56669
201537,62.805634
201538,67.88428
201539,66.55037
201540,58.24795
201541,68.22857
201542,63.1277
201543,56.311043
201544,62.725555
201545,60.49436
201546,58.80294
201547,62.87488
201548,62.472878
201549,66.77168
201550,64.441864
201551,61.150673
201552,64.247475
201553,72.90756
201554,63.55779
201555,56.596413
201556,58.25713
201557,70.882355
201558,56.492096
201559,66.35539
201560,66.745316
201561,57.4647
201562,66.48969
201563,73.90134
201564,62.738014
201565,58.108215
201566,68.16282
201567,63.066788
201568,55.53671
201569,57.29582
201570,60.21528
201571,64.46569
201572,66.42532
201573,56.925316
201574,62.158398
201575,68.108665
201576,63.38371
201577,55.25376
201578,60.294456
201579,63.498486
201580,61.505173
201581,59.23319
201582,58.8261
201583,55.42136
201584,65.941574
201585,63.801247
201586,65.68649
201587,57.749607
201588,58.85447
201589,62.409252
201590,59.77619
201591,59.415726
201592,62.49009
201593,70.496605
201594,58.49403
201595,65.133835
201596,56.984436
201597,56.4607
201598,62.438038
201599,68.00369
201600,68.12514
201601,62.480583
201602,58.835037
201603,71.0489
201604,57.05204
201605,61.835842
201606,74.15474
201607,72.86824
201608,57.741222
201609,59.531105
201610,62.380676
201611,56.661415
201612,66.55393
201613,62.234093
201614,56.055878
201615,61.481087
201616,62.139153
201617,55.82113
201618,70.988014
201619,59.895996
201620,63.250587
201621,61.014656
201622,56.097755
201623,63.868782
201624,58.359337
201625,56.828293
201626,63.716393
201627,61.118843
201628,61.39573
201629,64.87578
201630,57.63698
201631,57.09757
201632,56.91017
201633,67.95567
201634,61.985096
201635,60.348457
201636,60.971836
201637,57.337112
201638,64.676926
201639,62.151436
201640,66.22431
201641,61.608162
201642,59.62288
201643,54.94791
201644,56.796017
201645,63.42707
201646,59.46758
201647,59.513386
201648,57.110313
201649,57.229404
201650,68.66748
201651,64.021324
201652,60.860077
201653,59.472225
201654,59.399956
201655,56.693455
201656,62.038677
201657,59.715027
201658,57.81101
201659,55.789425
201660,60.60083
201661,73.99644
201662,60.114334
201663,60.465504
201664,66.63044
201665,57.772182
201666,65.71721
201667,58.013687
201668,56.211853
201669,57.30374
201670,61.187687
201671,55.289482
201672,57.796623
201673,56.530037
201674,57.271904
201675,55.896477
201676,60.60614
201677,57.796238
201678,57.565876
201679,63.78442
201680,62.808517
201681,57.970993
201682,69.29381
201683,57.026627
201684,59.920887
201685,55.9047
201686,68.120926
201687,59.833275
201688,56.24154
201689,60.29985
201690,58.09542
201691,57.767532
201692,64.481735
201693,58.18795
201694,61.313557
201695,65.46864
201696,56.203644
201697,64.8006
201698,61.84322
201699,58.04658
201700,59.683746
201701,59.69278
201702,65.6597
201703,58.97264
201704,56.716923
201705,63.169533
201706,62.577435
201707,67.970245
201708,65.23259
201709,61.63539
201710,64.744896
201711,56.27305
201712,59.90428
201713,70.820854
201714,62.57853
201715,66.59909
201716,62.65406
201717,61.448982
201718,57.87078
201719,59.485275
201720,58.732536
201721,70.36015
201722,72.31971
201723,58.343098
201724,59.111458
201725,66.494446
201726,60.077568
201727,58.060463
201728,65.39425
201729,58.445675
201730,57.911175
201731,60.701675
201732,57.89747
201733,59.507042
201734,73.04649
201735,55.897377
201736,62.092213
201737,62.835625
201738,57.51513
201739,66.32568
201740,61.195515
201741,61.811737
201742,67.178085
201743,63.118732
201744,60.626087
201745,57.49438
201746,61.663906
201747,68.01905
201748,55.76077
201749,61.765663
201750,60.102127
201751,57.33503
201752,59.758434
201753,59.26162
201754,59.775948
201755,59.583096
201756,65.33778
201757,59.607315
201758,63.091705
201759,64.12552
201760,64.36132
201761,73.951515
201762,59.51522
201763,56.143105
201764,60.67696
201765,59.200676
201766,70.429695
201767,63.71173
201768,60.240868
201769,67.70721
201770,60.733097
201771,69.327614
201772,57.583267
201773,65.94871
201774,60.543266
201775,66.281296
201776,63.116
201777,63.679592
201778,60.233856
201779,69.680084
201780,65.85661
201781,66.30257
201782,61.51113
201783,60.94834
201784,70.46887
201785,60.518826
201786,74.97037
201787,63.179523
201788,76.0256
201789,70.682526
201790,60.63936
201791,66.54752
201792,57.288963
201793,62.34567
201794,55.789204
201795,61.686554
201796,57.85098
201797,63.4252
201798,58.375988
201799,57.56395
201800,63.421406
201801,61.993576
201802,58.388084
201803,59.11837
201804,65.12731
201805,52.491776
201806,58.875065
201807,58.032177
201808,64.015495
201809,58.384354
201810,66.17618
201811,62.03105
201812,66.01482
201813,59.02767
201814,62.309265
201815,55.780994
201816,64.7453
201817,58.70598
201818,53.56238
201819,57.614643
201820,67.47368
201821,63.252228
201822,57.140007
201823,57.074818
201824,67.230125
201825,55.980904
201826,57.783432
201827,60.03238
201828,57.720932
201829,57.312225
201830,58.260223
201831,67.40424
201832,65.635544
201833,58.633026
201834,65.89453
201835,67.53474
201836,70.12271
201837,63.39509
201838,58.902935
201839,58.79201
201840,57.863792
201841,62.014336
201842,61.121185
201843,58.56285
201844,63.599407
201845,59.407486
201846,57.50158
201847,64.08657
201848,59.04609
201849,60.43518
201850,59.02373
201851,58.10154
201852,58.426693
201853,58.276657
201854,55.42655
201855,59.90938
201856,70.39593
201857,59.99549
201858,56.99316
201859,58.798912
201860,60.41129
201861,59.069427
201862,63.543777
201863,61.737446
201864,59.641167
201865,70.03501
201866,60.37136
201867,56.398155
201868,57.74887
201869,64.58804
201870,60.14753
201871,69.40078
201872,65.705505
201873,57.534977
201874,68.79648
201875,58.61001
201876,73.86391
201877,57.45447
201878,57.61915
201879,60.724785
201880,59.99682
201881,66.943085
201882,57.795273
201883,57.898808
201884,60.499096
201885,66.80891
201886,65.491455
201887,57.60337
201888,63.850277
201889,65.01875
201890,62.764587
201891,57.371296
201892,59.634804
201893,59.491894
201894,69.64606
201895,57.520676
201896,62.60843
201897,59.23569
201898,57.4419
201899,60.240242
201900,62.93431
201901,58.256664
201902,61.615974
201903,60.35919
201904,78.91713
201905,58.1969
201906,69.73481
201907,62.238102
201908,60.823677
201909,55.747288
201910,60.28006
201911,58.10237
201912,71.56118
201913,58.09114
201914,56.446747
201915,71.343414
201916,58.265648
201917,61.371124
201918,60.438515
201919,59.362682
201920,60.164757
201921,61.134586
201922,74.32686
201923,68.9949
201924,63.90702
201925,55.84786
201926,55.69983
201927,62.400696
201928,60.293
201929,58.36642
201930,63.88472
201931,56.21418
201932,66.97929
201933,59.83729
201934,59.866997
201935,58.284866
201936,59.64431
201937,56.886387
201938,62.56533
201939,72.603195
201940,60.103027
201941,57.73641
201942,63.996063
201943,63.417263
201944,63.004753
201945,58.2031
201946,60.75181
201947,65.881676
201948,62.737232
201949,72.91195
201950,65.713905
201951,60.39502
201952,58.732563
201953,61.8179
201954,63.215412
201955,70.16297
201956,66.46474
201957,64.997925
201958,58.00392
201959,61.678764
201960,62.427406
201961,62.82663
201962,61.24705
201963,57.565033
201964,58.063572
201965,58.170048
201966,56.523254
201967,64.72655
201968,60.98346
201969,56.33347
201970,63.3682
201971,57.15467
201972,61.265663
201973,56.261124
201974,61.882862
201975,71.04465
201976,62.543858
201977,69.85306
201978,67.15506
201979,58.648026
201980,58.114227
201981,68.160965
201982,60.114494
201983,57.182564
201984,69.61102
201985,56.7781
201986,62.84108
201987,69.4912
201988,58.26124
201989,58.499794
201990,56.067898
201991,65.02408
201992,57.637665
201993,56.685867
201994,59.001183
201995,63.64549
201996,60.72906
201997,57.534454
201998,62.612976
201999,59.025463
202000,61.7633
202001,57.445366
202002,58.77529
202003,61.00355
202004,75.14032
202005,60.78196
202006,57.33648
202007,66.90383
202008,60.788548
202009,65.48344
202010,56.503883
202011,59.118862
202012,62.844902
202013,59.153687
202014,62.62803
202015,57.547867
202016,74.63651
202017,58.363876
202018,71.04897
202019,56.62301
202020,68.222565
202021,61.11384
202022,60.27796
202023,57.3963
202024,61.223007
202025,62.258095
202026,63.553753
202027,60.836025
202028,59.164818
202029,66.385414
202030,59.645065
202031,59.629387
202032,58.45569
202033,61.3069
202034,58.786438
202035,58.36182
202036,56.32257
202037,61.20607
202038,58.630127
202039,71.28594
202040,62.56709
202041,59.54307
202042,60.83937
202043,64.374016
202044,69.53844
202045,61.695366
202046,56.33266
202047,62.786797
202048,67.87305
202049,57.53614
202050,59.961655
202051,60.43317
202052,67.32675
202053,62.23433
202054,57.422356
202055,61.994034
202056,58.20784
202057,63.333786
202058,63.618782
202059,55.436665
202060,61.628746
202061,58.30642
202062,63.539883
202063,72.587875
202064,63.25506
202065,57.75537
202066,60.66564
202067,65.194
202068,57.381653
202069,66.82488
202070,60.620277
202071,63.21633
202072,64.69231
202073,57.856564
202074,59.999397
202075,59.029728
202076,57.56876
202077,56.727394
202078,54.943546
202079,67.07891
202080,75.018394
202081,59.037514
202082,65.53821
202083,75.46922
202084,68.563255
202085,60.550175
202086,58.386627
202087,63.443764
202088,59.143166
202089,57.824333
202090,60.473545
202091,59.51243
202092,59.550446
202093,65.12074
202094,60.53584
202095,57.762215
202096,66.27672
202097,72.14128
202098,58.276665
202099,59.704758
202100,59.49063
202101,59.925304
202102,61.720898
202103,57.21072
202104,60.234547
202105,62.456837
202106,57.60919
202107,64.788345
202108,55.627296
202109,62.785416
202110,62.649467
202111,58.4714
202112,66.028595
202113,64.312386
202114,58.305435
202115,57.48838
202116,70.42772
202117,58.547276
202118,68.7863
202119,58.813366
202120,69.59455
202121,59.734432
202122,59.20819
202123,56.96688
202124,58.403603
202125,60.224373
202126,60.900482
202127,59.39276
202128,62.33467
202129,58.47637
202130,67.68372
202131,64.09282
202132,56.54274
202133,56.583973
202134,68.64771
202135,65.76475
202136,63.86638
202137,61.12687
202138,57.10199
202139,55.925117
202140,76.244484
202141,62.473576
202142,59.489822
202143,63.64392
202144,58.152832
202145,67.799034
202146,56.248985
202147,59.150787
202148,56.254242
202149,59.372986
202150,68.74657
202151,61.022686
202152,55.73271
202153,67.968056
202154,70.47829
202155,62.93299
202156,63.753212
202157,61.88266
202158,58.25334
202159,57.11985
202160,58.60703
202161,68.35955
202162,66.65107
202163,57.31022
202164,56.43991
202165,58.45083
202166,58.55523
202167,69.475235
202168,67.65759
202169,61.00196
202170,57.91401
202171,58.29676
202172,56.32023
202173,60.218857
202174,62.823425
202175,71.461914
202176,68.88309
202177,68.50282
202178,57.481
202179,57.361977
202180,57.138336
202181,58.44996
202182,57.69716
202183,57.069477
202184,56.37313
202185,69.51605
202186,58.747177
202187,60.995163
202188,54.12953
202189,57.691063
202190,58.532032
202191,58.239594
202192,61.014057
202193,55.957
202194,55.842415
202195,68.77695
202196,58.10651
202197,60.0776
202198,66.95859
202199,52.593376
202200,61.317993
202201,68.156
202202,66.824684
202203,69.76272
202204,59.11274
202205,56.780685
202206,65.31539
202207,69.23221
202208,58.246365
202209,71.94563
202210,64.21475
202211,58.672115
202212,64.25685
202213,57.261948
202214,65.448044
202215,57.56919
202216,65.85396
202217,66.73279
202218,58.82755
202219,55.812637
202220,65.22254
202221,61.15381
202222,67.49063
202223,64.321205
202224,57.844906
202225,75.418655
202226,62.940033
202227,64.164696
202228,65.17074
202229,61.024155
202230,63.040577
202231,59.558907
202232,58.968346
202233,68.85059
202234,66.151184
202235,72.256836
202236,55.539078
202237,65.566956
202238,57.49681
202239,57.465504
202240,59.276993
202241,64.25907
202242,68.52966
202243,60.50064
202244,62.622513
202245,63.963577
202246,75.18156
202247,63.68313
202248,58.86557
202249,59.252605
202250,62.97695
202251,67.59257
202252,62.296234
202253,67.82072
202254,58.417725
202255,66.49375
202256,60.549442
202257,57.422607
202258,63.645947
202259,66.47203
202260,63.326683
202261,59.277206
202262,64.4106
202263,64.8809
202264,51.267197
202265,59.45134
202266,62.043907
202267,63.434853
202268,63.00028
202269,57.152515
202270,60.99619
202271,59.926544
202272,66.26286
202273,56.996117
202274,64.70616
202275,58.694714
202276,56.726204
202277,60.95171
202278,59.766342
202279,64.53101
202280,64.88545
202281,58.270493
202282,59.29485
202283,61.551468
202284,58.254753
202285,62.92658
202286,66.26376
202287,61.11589
202288,58.087456
202289,67.01217
202290,56.462585
202291,60.233856
202292,63.920563
202293,59.708176
202294,58.322216
202295,65.11789
202296,57.135384
202297,62.54335
202298,70.08536
202299,58.179977
202300,63.322876
202301,60.406525
202302,57.87149
202303,64.28456
202304,58.465973
202305,57.336853
202306,63.161453
202307,61.97826
202308,60.71064
202309,62.703873
202310,59.740295
202311,57.6262
202312,56.3678
202313,60.807034
202314,56.33383
202315,58.090164
202316,56.723396
202317,67.773285
202318,58.558674
202319,72.06931
202320,58.519447
202321,63.967545
202322,63.69366
202323,59.091988
202324,57.2297
202325,58.173805
202326,65.241425
202327,62.05854
202328,63.096443
202329,57.921387
202330,60.550957
202331,60.903694
202332,57.714706
202333,63.722435
202334,57.904892
202335,56.617027
202336,58.15815
202337,56.237762
202338,58.910946
202339,66.93606
202340,61.096554
202341,59.95862
202342,62.398285
202343,63.196693
202344,69.1813
202345,62.61148
202346,60.04052
202347,59.325623
202348,57.502274
202349,56.50383
202350,66.583084
202351,58.607044
202352,57.828484
202353,62.630424
202354,75.74753
202355,71.146904
202356,59.243607
202357,59.995987
202358,63.233086
202359,60.10617
202360,65.476006
202361,71.19555
202362,64.42122
202363,61.098515
202364,59.93748
202365,62.424225
202366,66.42154
202367,69.99684
202368,71.47399
202369,59.989864
202370,58.5158
202371,64.35542
202372,61.653145
202373,57.12577
202374,61.96405
202375,56.892982
202376,59.25209
202377,57.300735
202378,59.81364
202379,60.868813
202380,58.42347
202381,65.40729
202382,59.96282
202383,58.00895
202384,58.57703
202385,57.770096
202386,65.65022
202387,57.583595
202388,57.06788
202389,62.024017
202390,61.642326
202391,66.31302
202392,63.565704
202393,72.13624
202394,58.674885
202395,63.049118
202396,65.041794
202397,59.872425
202398,58.975746
202399,68.22538
202400,59.310204
202401,66.29397
202402,59.80784
202403,65.83006
202404,65.23781
202405,60.33626
202406,68.86058
202407,59.424408
202408,71.00647
202409,58.211014
202410,61.28481
202411,66.763954
202412,57.164856
202413,66.42028
202414,62.842323
202415,64.407326
202416,57.773605
202417,59.360195
202418,65.58877
202419,61.539146
202420,62.26455
202421,68.49882
202422,62.477516
202423,57.844757
202424,61.419064
202425,56.681385
202426,62.44554
202427,67.92661
202428,73.01799
202429,62.608772
202430,65.194046
202431,56.712074
202432,61.237873
202433,60.65716
202434,60.830875
202435,60.787437
202436,61.871033
202437,58.674416
202438,58.070755
202439,56.988075
202440,65.13248
202441,59.598488
202442,56.60717
202443,55.738567
202444,61.32783
202445,59.362686
202446,63.05797
202447,64.60963
202448,70.39214
202449,66.44098
202450,55.723145
202451,75.36153
202452,69.39926
202453,56.283356
202454,63.386005
202455,59.199398
202456,57.983833
202457,64.04356
202458,56.64073
202459,60.706913
202460,72.44958
202461,57.900673
202462,64.9437
202463,62.61438
202464,62.657383
202465,56.080704
202466,56.97443
202467,69.740326
202468,59.317184
202469,61.78923
202470,60.37864
202471,66.126434
202472,57.747868
202473,59.88247
202474,64.775696
202475,64.85532
202476,67.074326
202477,61.082466
202478,57.712196
202479,56.820168
202480,59.468155
202481,57.779808
202482,60.55336
202483,56.40097
202484,59.258953
202485,54.76517
202486,59.623352
202487,66.20796
202488,60.78092
202489,63.49625
202490,61.837246
202491,63.47694
202492,57.188133
202493,71.019264
202494,56.792057
202495,64.58764
202496,70.76956
202497,59.168922
202498,60.38108
202499,62.32566
202500,55.56151
202501,56.972157
202502,61.22986
202503,56.465218
202504,64.205734
202505,60.36364
202506,61.74256
202507,63.70913
202508,56.91057
202509,72.54988
202510,58.657772
202511,59.371517
202512,52.897293
202513,62.674713
202514,56.839348
202515,67.0037
202516,66.27588
202517,60.15178
202518,61.79158
202519,62.7869
202520,57.337643
202521,61.297325
202522,63.690727
202523,61.965706
202524,62.581093
202525,65.118
202526,53.018982
202527,67.70238
202528,60.931515
202529,62.49504
202530,61.57148
202531,58.021046
202532,58.589264
202533,60.65027
202534,58.154396
202535,66.47577
202536,59.804977
202537,72.17327
202538,75.14732
202539,57.405518
202540,59.31378
202541,62.856926
202542,57.068375
202543,61.87236
202544,57.24531
202545,57.435234
202546,62.857292
202547,61.709946
202548,69.3163
202549,61.006447
202550,62.378876
202551,57.595886
202552,58.573624
202553,56.219025
202554,67.85177
202555,66.04461
202556,71.23337
202557,54.74269
202558,62.189617
202559,61.203186
202560,62.35996
202561,58.95149
202562,61.88242
202563,59.004406
202564,60.858692
202565,60.801937
202566,58.03632
202567,58.399857
202568,57.676613
202569,64.52372
202570,62.047127
202571,72.14146
202572,65.32221
202573,66.3586
202574,59.776512
202575,69.49395
202576,61.09915
202577,57.26623
202578,59.44835
202579,56.340164
202580,57.185062
202581,59.9292
202582,61.699444
202583,59.84998
202584,69.393616
202585,61.736694
202586,66.714966
202587,69.94908
202588,57.4905
202589,64.132454
202590,71.1723
202591,56.117905
202592,64.22009
202593,62.516327
202594,62.234077
202595,63.32194
202596,62.385735
202597,57.527355
202598,59.592613
202599,59.10166
202600,58.331917
202601,60.128143
202602,66.85535
202603,60.20115
202604,68.331345
202605,60.70206
202606,58.999695
202607,57.077705
202608,57.13589
202609,56.729065
202610,55.23828
202611,62.15666
202612,55.20745
202613,61.848526
202614,71.206024
202615,65.595474
202616,59.181973
202617,62.423866
202618,56.520485
202619,67.37489
202620,59.454338
202621,65.541336
202622,65.39212
202623,62.35491
202624,59.526352
202625,56.02279
202626,63.06357
202627,56.900303
202628,58.186756
202629,58.561752
202630,60.35334
202631,62.912
202632,66.006744
202633,63.816765
202634,62.83584
202635,60.86388
202636,58.33184
202637,75.698235
202638,65.1344
202639,56.736797
202640,59.374092
202641,65.42588
202642,55.650406
202643,65.550896
202644,64.92293
202645,60.79932
202646,55.743935
202647,65.59891
202648,64.406715
202649,56.17476
202650,63.450546
202651,70.52343
202652,60.865715
202653,56.406395
202654,60.355576
202655,62.09986
202656,72.556335
202657,62.673157
202658,59.05679
202659,60.34269
202660,62.75968
202661,60.783802
202662,59.64051
202663,68.63896
202664,57.817406
202665,64.90272
202666,64.47241
202667,59.738243
202668,64.447235
202669,58.092308
202670,68.67055
202671,59.599968
202672,58.731796
202673,64.309204
202674,63.20527
202675,65.25029
202676,58.395393
202677,62.372955
202678,59.635284
202679,62.71732
202680,70.35819
202681,59.535587
202682,58.97352
202683,59.63176
202684,56.99642
202685,64.08469
202686,56.031754
202687,55.43447
202688,57.337643
202689,64.57756
202690,57.894226
202691,62.767593
202692,61.19406
202693,63.43422
202694,62.02889
202695,60.37606
202696,56.423992
202697,60.470924
202698,57.900738
202699,77.064095
202700,58.193756
202701,64.52344
202702,57.21144
202703,65.00743
202704,65.56132
202705,63.824097
202706,60.84278
202707,60.306477
202708,66.477936
202709,61.60906
202710,59.346302
202711,70.47957
202712,57.015945
202713,72.03835
202714,54.485367
202715,59.040245
202716,58.306282
202717,62.217525
202718,62.897354
202719,65.543335
202720,66.041016
202721,63.07089
202722,58.22425
202723,56.02552
202724,64.13237
202725,58.998337
202726,58.309326
202727,70.87854
202728,56.024704
202729,62.944202
202730,59.5877
202731,58.621696
202732,59.289097
202733,57.8633
202734,59.166153
202735,66.4246
202736,81.174515
202737,61.10096
202738,68.84221
202739,64.30336
202740,64.11344
202741,58.96618
202742,61.70289
202743,60.615234
202744,57.24867
202745,66.623886
202746,61.147087
202747,58.85912
202748,57.624886
202749,57.705772
202750,58.991123
202751,60.91867
202752,57.28632
202753,69.42038
202754,61.555756
202755,60.445168
202756,70.63847
202757,60.15515
202758,60.69169
202759,59.38833
202760,57.035187
202761,76.65319
202762,73.833206
202763,68.01637
202764,72.074036
202765,68.524254
202766,58.60578
202767,58.26574
202768,63.2181
202769,59.078686
202770,58.122116
202771,59.84019
202772,67.714294
202773,60.16621
202774,58.41965
202775,65.285706
202776,66.35849
202777,63.974453
202778,60.65056
202779,63.21563
202780,59.371525
202781,65.519196
202782,58.995667
202783,62.66781
202784,56.79692
202785,71.42019
202786,66.87611
202787,62.67017
202788,70.5677
202789,59.92208
202790,62.69703
202791,65.75068
202792,64.77765
202793,57.29386
202794,59.332764
202795,71.52168
202796,58.59431
202797,64.1743
202798,58.709465
202799,64.60781
202800,56.724495
202801,57.595886
202802,58.3052
202803,65.73486
202804,58.278183
202805,66.44609
202806,56.75093
202807,59.317436
202808,68.12215
202809,56.219734
202810,60.321182
202811,66.81787
202812,64.26252
202813,56.703354
202814,68.477196
202815,61.39913
202816,57.56163
202817,62.254066
202818,67.77092
202819,60.792126
202820,59.3323
202821,70.84979
202822,59.60056
202823,71.64969
202824,61.19044
202825,57.241196
202826,65.68793
202827,73.33475
202828,56.600582
202829,60.13254
202830,61.32052
202831,58.7906
202832,61.983665
202833,65.39497
202834,60.31743
202835,59.89565
202836,64.132614
202837,56.957687
202838,68.057236
202839,54.66092
202840,66.09318
202841,61.863808
202842,67.02243
202843,57.58527
202844,66.42326
202845,60.718494
202846,68.61564
202847,55.94325
202848,65.91707
202849,59.215538
202850,61.618076
202851,59.370636
202852,61.495506
202853,63.8135
202854,61.31794
202855,61.11142
202856,60.543926
202857,58.235474
202858,57.021553
202859,60.30228
202860,58.438534
202861,69.05606
202862,75.471664
202863,62.604065
202864,61.417675
202865,59.07413
202866,56.500874
202867,64.9601
202868,63.920475
202869,62.13134
202870,63.34308
202871,58.859535
202872,58.62133
202873,57.595276
202874,62.58088
202875,65.33957
202876,57.927086
202877,63.078556
202878,57.495052
202879,58.072617
202880,59.674095
202881,74.14212
202882,78.6414
202883,68.21884
202884,62.872826
202885,55.20022
202886,65.65984
202887,61.335117
202888,60.35929
202889,69.89651
202890,59.129097
202891,62.927166
202892,56.415817
202893,70.55983
202894,58.462234
202895,61.40192
202896,66.53064
202897,69.94616
202898,61.16195
202899,65.56539
202900,62.93976
202901,71.85708
202902,63.96785
202903,63.340637
202904,60.16917
202905,61.888233
202906,67.23175
202907,64.08773
202908,60.08259
202909,60.826202
202910,65.96944
202911,65.82861
202912,59.278023
202913,59.390965
202914,58.474606
202915,68.752716
202916,60.31089
202917,63.261154
202918,57.052406
202919,66.61437
202920,62.70085
202921,59.151085
202922,63.10273
202923,64.00546
202924,65.90132
202925,68.849106
202926,64.29169
202927,67.680565
202928,57.12063
202929,57.324577
202930,68.53092
202931,60.97258
202932,66.37013
202933,58.989937
202934,69.06652
202935,58.321815
202936,56.74668
202937,66.02159
202938,60.70571
202939,57.9789
202940,64.95062
202941,67.25822
202942,60.282173
202943,58.26907
202944,71.54978
202945,58.65601
202946,63.459824
202947,67.670425
202948,75.45682
202949,61.459503
202950,58.155594
202951,62.47632
202952,63.575798
202953,64.028465
202954,69.07268
202955,57.06748
202956,65.75418
202957,60.668797
202958,69.99818
202959,57.987236
202960,67.235016
202961,62.23689
202962,58.415424
202963,69.32537
202964,58.5018
202965,56.781517
202966,61.618652
202967,72.17254
202968,55.610046
202969,71.25417
202970,58.22409
202971,69.392586
202972,62.99771
202973,60.280663
202974,54.27562
202975,60.096367
202976,60.894848
202977,56.15716
202978,67.296
202979,61.23402
202980,58.378838
202981,57.83651
202982,57.28007
202983,73.656815
202984,70.609886
202985,62.97998
202986,59.620567
202987,59.529766
202988,64.081924
202989,58.956253
202990,57.66505
202991,57.73461
202992,60.36684
202993,57.775887
202994,70.69603
202995,59.094036
202996,58.963306
202997,58.27282
202998,63.28189
202999,63.480976
203000,72.94891
203001,68.152405
203002,55.64882
203003,59.951103
203004,61.386444
203005,63.31775
203006,72.7025
203007,59.63323
203008,59.913727
203009,62.132675
203010,65.102844
203011,63.47595
203012,55.345543
203013,60.53371
203014,58.26979
203015,63.740906
203016,64.81642
203017,59.74964
203018,61.860542
203019,57.35535
203020,59.412033
203021,59.273903
203022,58.454063
203023,59.215637
203024,60.444946
203025,64.03042
203026,57.698586
203027,53.629112
203028,57.37998
203029,52.99254
203030,57.77421
203031,62.02433
203032,60.095764
203033,58.27059
203034,58.546402
203035,56.596672
203036,58.650776
203037,61.21924
203038,70.16273
203039,57.753925
203040,62.58751
203041,59.59482
203042,60.76843
203043,59.765812
203044,68.81272
203045,65.39525
203046,59.851166
203047,58.347145
203048,56.16174
203049,60.134926
203050,62.413628
203051,68.66522
203052,61.251038
203053,59.662315
203054,58.079388
203055,58.18003
203056,58.206573
203057,56.560448
203058,56.3379
203059,68.567764
203060,57.872803
203061,57.112133
203062,70.25418
203063,55.36702
203064,61.141502
203065,63.533844
203066,62.76414
203067,59.401104
203068,59.043255
203069,57.791138
203070,64.74121
203071,64.507935
203072,58.196804
203073,57.291603
203074,57.59114
203075,62.944645
203076,65.7119
203077,64.13752
203078,59.00379
203079,56.299175
203080,57.45012
203081,61.912968
203082,58.395874
203083,57.76493
203084,56.99439
203085,59.942066
203086,63.1167
203087,59.15569
203088,60.95235
203089,56.41546
203090,58.380386
203091,67.63693
203092,57.484497
203093,58.487976
203094,60.73174
203095,68.28461
203096,73.75432
203097,64.847
203098,56.081833
203099,70.75316
203100,57.218483
203101,56.687836
203102,61.44683
203103,58.14382
203104,68.501495
203105,56.36093
203106,55.979736
203107,67.17976
203108,59.714134
203109,70.31436
203110,63.486046
203111,57.36416
203112,69.043015
203113,76.53912
203114,65.97396
203115,58.99271
203116,62.789017
203117,57.608406
203118,60.102333
203119,66.11237
203120,64.598656
203121,61.749878
203122,70.9252
203123,59.81971
203124,58.568474
203125,59.67024
203126,57.32502
203127,62.374107
203128,62.428875
203129,61.663513
203130,60.740112
203131,63.62097
203132,58.286434
203133,60.076134
203134,58.784702
203135,60.010933
203136,61.351852
203137,65.31625
203138,57.27643
203139,63.999992
203140,62.754974
203141,66.290695
203142,54.352478
203143,69.33435
203144,58.513107
203145,56.632545
203146,61.637268
203147,60.62872
203148,61.586548
203149,57.595486
203150,62.75654
203151,58.920544
203152,68.084366
203153,63.439014
203154,58.640617
203155,56.22598
203156,60.18974
203157,58.400948
203158,60.269474
203159,63.96125
203160,54.7193
203161,58.21538
203162,63.214138
203163,56.34072
203164,60.18616
203165,75.2294
203166,61.266712
203167,60.227455
203168,60.325512
203169,57.122917
203170,57.083992
203171,68.2919
203172,65.264175
203173,67.4234
203174,65.56308
203175,57.646923
203176,59.294403
203177,57.733414
203178,69.184654
203179,63.223537
203180,60.895275
203181,73.49161
203182,57.838997
203183,55.710617
203184,64.032394
203185,61.933723
203186,62.685104
203187,56.111416
203188,59.400112
203189,61.199287
203190,53.8095
203191,64.3853
203192,69.56084
203193,61.498337
203194,58.117867
203195,69.61803
203196,56.978172
203197,64.37059
203198,58.10872
203199,62.33429
203200,61.05481
203201,60.351395
203202,62.546017
203203,65.043816
203204,65.66057
203205,65.5363
203206,59.211945
203207,70.83157
203208,57.834366
203209,56.638626
203210,59.668823
203211,59.134068
203212,61.024143
203213,61.3837
203214,59.97744
203215,59.028297
203216,68.06798
203217,55.267426
203218,57.964767
203219,64.234825
203220,59.745483
203221,63.01144
203222,57.18436
203223,58.972404
203224,70.09343
203225,60.75686
203226,59.156544
203227,63.420723
203228,55.913918
203229,64.5672
203230,56.47897
203231,69.06
203232,68.511154
203233,77.84063
203234,57.03884
203235,59.96655
203236,63.292698
203237,63.96983
203238,56.0324
203239,55.74657
203240,65.695694
203241,66.492966
203242,69.69789
203243,57.111443
203244,57.375233
203245,58.505634
203246,64.176346
203247,60.617786
203248,54.230724
203249,62.450943
203250,60.127808
203251,59.160645
203252,64.14174
203253,63.6313
203254,71.29294
203255,63.71113
203256,57.727074
203257,61.23141
203258,60.67018
203259,62.16779
203260,58.32846
203261,62.219353
203262,66.34786
203263,52.74787
203264,55.06772
203265,65.51199
203266,59.824577
203267,65.80501
203268,58.564266
203269,56.529415
203270,59.240547
203271,62.55625
203272,59.024597
203273,61.599823
203274,59.573193
203275,61.75087
203276,66.363884
203277,67.860664
203278,61.94639
203279,57.85044
203280,61.43458
203281,63.324177
203282,57.655922
203283,58.115204
203284,60.879326
203285,60.214264
203286,58.76172
203287,58.870308
203288,65.309074
203289,72.86252
203290,64.9655
203291,69.85017
203292,58.019623
203293,64.82459
203294,64.85901
203295,61.468307
203296,63.585976
203297,57.79921
203298,61.42527
203299,60.887352
203300,65.470276
203301,58.34397
203302,64.16147
203303,62.189877
203304,64.12327
203305,59.172493
203306,63.302696
203307,58.795082
203308,65.94954
203309,60.36869
203310,63.62149
203311,59.021984
203312,58.094063
203313,63.295677
203314,59.46494
203315,62.208214
203316,57.174232
203317,64.70031
203318,58.612015
203319,62.753582
203320,64.89799
203321,61.628662
203322,55.84066
203323,63.28989
203324,58.547764
203325,60.572735
203326,72.02512
203327,59.892094
203328,63.075447
203329,67.6133
203330,57.584686
203331,55.75137
203332,60.492523
203333,66.819885
203334,58.969654
203335,66.89359
203336,59.40342
203337,69.39365
203338,71.46576
203339,61.736565
203340,69.14495
203341,59.771107
203342,65.776886
203343,69.56708
203344,65.49052
203345,59.61223
203346,56.802395
203347,60.803337
203348,78.06961
203349,62.58362
203350,61.34195
203351,57.855957
203352,53.16903
203353,67.39348
203354,64.88109
203355,58.76641
203356,64.602234
203357,60.901405
203358,69.27077
203359,56.04689
203360,57.676277
203361,65.42643
203362,59.824226
203363,56.7447
203364,61.260582
203365,58.60427
203366,62.64214
203367,60.038322
203368,56.58307
203369,61.15635
203370,57.136646
203371,59.19685
203372,61.255653
203373,58.402496
203374,57.59897
203375,60.821262
203376,62.395847
203377,56.33307
203378,61.841045
203379,68.05533
203380,65.3013
203381,62.09051
203382,62.6084
203383,65.968185
203384,56.178753
203385,69.60128
203386,59.21359
203387,70.62394
203388,56.795662
203389,61.16686
203390,59.462204
203391,57.96563
203392,56.1697
203393,61.926582
203394,63.79857
203395,59.421356
203396,64.25413
203397,59.79772
203398,59.646156
203399,62.00861
203400,59.756935
203401,60.522118
203402,63.8291
203403,58.767265
203404,61.45566
203405,65.29874
203406,59.203403
203407,58.996933
203408,58.3365
203409,63.491596
203410,57.949806
203411,66.41463
203412,63.257153
203413,57.29802
203414,60.98388
203415,56.232445
203416,57.810966
203417,58.493916
203418,68.98766
203419,63.03141
203420,60.07166
203421,56.64508
203422,58.47895
203423,64.58049
203424,54.983814
203425,57.307724
203426,59.587936
203427,58.396896
203428,55.95603
203429,57.84861
203430,69.59492
203431,65.32188
203432,59.93745
203433,69.9079
203434,61.64872
203435,58.810677
203436,56.744972
203437,59.717415
203438,62.159454
203439,63.288662
203440,64.86467
203441,65.25587
203442,60.46064
203443,62.316772
203444,60.94249
203445,59.67992
203446,61.812607
203447,62.051506
203448,62.513405
203449,57.081352
203450,60.015873
203451,67.26187
203452,69.85622
203453,58.960182
203454,61.61558
203455,60.3238
203456,57.386024
203457,58.994347
203458,72.4121
203459,57.922997
203460,59.057323
203461,61.163437
203462,58.017273
203463,58.50106
203464,67.49584
203465,66.05498
203466,56.708115
203467,56.202408
203468,62.67067
203469,62.103493
